id,title,type,area,priority,risk,target_version,epic,sprint,owner,reviewer,dependencies,acceptance_evidence,status,github_number,github_url,contract
V05-EPIC-002,Deliver Local Scan History and the Read-Only Console,feature,foundation,P0,R3,0.5.0,Delivery root,Sprint 4,@geoffrey-xiao,@geoffrey-xiao,#392; #419 disposition; #430,Required real workflow and owner release decision,Todo,418,https://github.com/geoffrey-xiao/deprail/issues/418,../epics/EPIC-002-local-history-delivery.md
V05-QA-001,Resolve the Local Verification Timeout Readiness Gate,bug,test,P0,R2,0.5.0,V05-EPIC-002,Sprint 4,@geoffrey-xiao,@geoffrey-xiao,Accepted PR #417 owner decision,Owner-merged closeout PR #435; exact-head three-OS CI run 36791389386 passed; issue #419 closed and Project Done,Done,419,https://github.com/geoffrey-xiao/deprail/issues/419,../issues/V05-QA-001-verification-timeout-disposition.md
H05-001,Safe History Projection,feature,normalization,P0,R3,0.5.0,V05-EPIC-002,Sprint 4,@geoffrey-xiao,@geoffrey-xiao,#419 disposition; #430 merged #431; #432 accepted merged #433,Owner-merged #434; local make verify and exact-head three-OS CI run 36740438976 passed; issue #420 closed COMPLETED and Project Done,Done,420,https://github.com/geoffrey-xiao/deprail/issues/420,../issues/H05-001-safe-history-projection.md
H05-002,Private History Store,feature,foundation,P0,R3,0.5.0,V05-EPIC-002,Sprint 4,@geoffrey-xiao,@geoffrey-xiao,#420; #419 disposition; #430,Store and dependency evidence in H05-002-STORE-EVIDENCE.md; PR #436 ready for owner review; latest exact-head CI run 36806173168 passed Ubuntu/macOS/Windows; owner acceptance pending,Review,421,https://github.com/geoffrey-xiao/deprail/issues/421,../issues/H05-002-private-history-store.md
H05-003,History Application Services,feature,foundation,P0,R3,0.5.0,V05-EPIC-002,Sprint 4,@geoffrey-xiao,@geoffrey-xiao,#420; #421; #419 disposition; #430,Required actual terminal-operation capture query ordering and integrity evidence,Todo,422,https://github.com/geoffrey-xiao/deprail/issues/422,../issues/H05-003-history-application-services.md
H05-004,Opt-in History CLI,feature,cli,P0,R3,0.5.0,V05-EPIC-002,Sprint 4,@geoffrey-xiao,@geoffrey-xiao,#422; #419 disposition; #430,PR #439 merged; GitHub issue #423 remains open in Project Review pending owner acceptance,Review,423,https://github.com/geoffrey-xiao/deprail/issues/423,../issues/H05-004-opt-in-history-cli.md
H05-005,Implement Read-Only Local Console Transport,feature,cli,P0,R3,0.5.0,V05-EPIC-002,Sprint 4,@geoffrey-xiao,@geoffrey-xiao,#422; #419 disposition; #430,PR #440 merged; transport/browser/CLI evidence in H05-005-TRANSPORT-EVIDENCE.md; issue #424 owner acceptance remains pending; follow-up #441 tracks review findings,Review,424,https://github.com/geoffrey-xiao/deprail/issues/424,../issues/H05-005-read-only-local-console.md
H05-005-FU1,Close Local-Console Transport Review Findings,bug,cli,P0,R3,0.5.0,V05-EPIC-002,Sprint 4,@geoffrey-xiao,@geoffrey-xiao,#424 merged PR #440,Live listener regression tests and exact-head CI; owner acceptance pending,In Progress,441,https://github.com/geoffrey-xiao/deprail/issues/441,../issues/H05-005-FU1-transport-review-findings.md
H05-006,Implement Accessible Local History UI,feature,foundation,P0,R2,0.5.0,V05-EPIC-002,Sprint 4,@geoffrey-xiao,@geoffrey-xiao,#424; #419 disposition; #430,Required actual API browser keyboard assistive-technology and hostile-text evidence,Todo,425,https://github.com/geoffrey-xiao/deprail/issues/425,../issues/H05-006-accessible-history-ui.md
H05-007,Package Reproducible Embedded Console Binaries,feature,foundation,P0,R2,0.5.0,V05-EPIC-002,Sprint 4,@geoffrey-xiao,@geoffrey-xiao,#424; #425; #419 disposition; #430,Required locked builds embedded-asset budgets and four-target binary evidence,Todo,426,https://github.com/geoffrey-xiao/deprail/issues/426,../issues/H05-007-embedded-console-packaging.md
H05-008,Verify Local History Release Evidence,test,test,P0,R3,0.5.0,V05-EPIC-002,Sprint 4,@geoffrey-xiao,@geoffrey-xiao,#420; #421; #422; #423; #424; #425; #426; #419 disposition; #430,Required actual representative workflows security recovery cross-platform evidence and owner go/no-go,Todo,427,https://github.com/geoffrey-xiao/deprail/issues/427,../issues/H05-008-local-history-release-evidence.md
V05-QA-002,Enforce Bounded Subprocess Output Capture,bug,foundation,P0,R3,0.5.0,V05-EPIC-002,Sprint 4,@geoffrey-xiao,@geoffrey-xiao,#419 investigation; merged #429,Owner-merged #431; three-OS CI and separate owner security/architecture acceptance recorded; #419 closeout merged #435 and is Done,Done,430,https://github.com/geoffrey-xiao/deprail/issues/430,../issues/V05-QA-002-bounded-output-capture.md
V05-QA-003,Stabilize the Darwin Verification Helper Fixture,bug,test,P0,R2,0.5.0,V05-EPIC-002,Sprint 4,@geoffrey-xiao,@geoffrey-xiao,#419 investigation; merged #429; #430 capture fix; merged #431,Owner-accepted merged #433; targeted full and three-OS CI passed; #419 closeout merged #435,Done,432,https://github.com/geoffrey-xiao/deprail/issues/432,../issues/V05-QA-003-darwin-helper-fixture.md
